parking_id,name,num_stops_400m,total_daily_trips,total_routes,nearest_stop_distance_m,avg_walk_distance_m,scenario,buffer_distance_m,has_adequate_transit,trips_per_stop,stops_score,frequency_score,reliability_score,proximity_score,diversity_score,accessibility_score,service_quality,reliability_class,rank_conservative
305,"Location (35.0463, -85.3099)",57,11453,189,49,225,conservative,400,True,200.9298245614035,93.44,100.0,100,99.51,99.47,98.23,excellent,High Reliability,1
295,"Location (35.0444, -85.3099)",60,10901,184,39,217,conservative,400,True,181.68333333333334,98.36,95.18,100,99.61,96.84,97.77,excellent,High Reliability,2
389,"Location (35.0468, -85.3080)",61,10251,190,130,270,conservative,400,True,168.04918032786884,100.0,89.5,100,98.7,100.0,96.66,excellent,High Reliability,3
290,"Location (35.0503, -85.3092)",58,8437,179,42,236,conservative,400,True,145.4655172413793,95.08,73.67,100,99.58,94.21,90.23,excellent,High Reliability,4
345,"Location (35.0503, -85.3088)",58,8437,179,73,247,conservative,400,True,145.4655172413793,95.08,73.67,100,99.27,94.21,90.18,excellent,High Reliability,5
292,"Location (35.0443, -85.3118)",50,10159,150,46,273,conservative,400,True,203.18,81.97,88.7,100,99.54,78.95,89.93,excellent,High Reliability,6
453,"Location (35.0450, -85.3115)",48,10132,156,37,251,conservative,400,True,211.08333333333334,78.69,88.47,100,99.63,82.11,89.37,excellent,High Reliability,7
422,"Location (35.0512, -85.3101)",57,8487,163,29,215,conservative,400,True,148.89473684210526,93.44,74.1,100,99.71,85.79,89.13,excellent,High Reliability,8
434,"Location (35.0463, -85.3123)",43,10085,148,159,289,conservative,400,True,234.53488372093022,70.49,88.06,100,98.41,77.89,86.59,excellent,High Reliability,9
320,"Location (35.0453, -85.3062)",55,7518,171,70,288,conservative,400,True,136.6909090909091,90.16,65.64,100,99.3,90.0,86.13,excellent,High Reliability,10
61,"Location (35.0417, -85.3073)",51,7942,146,113,237,conservative,400,True,155.72549019607843,83.61,69.34,100,98.87,76.84,84.22,excellent,High Reliability,11
417,"Location (35.0476, -85.3068)",49,7376,160,106,299,conservative,400,True,150.53061224489795,80.33,64.4,100,98.94,84.21,82.66,excellent,High Reliability,12
449,"Location (35.0507, -85.3113)",50,7675,134,44,230,conservative,400,True,153.5,81.97,67.01,100,99.56,70.53,82.58,excellent,High Reliability,13
252,"Location (35.0477, -85.3121)",43,8741,136,134,285,conservative,400,True,203.27906976744185,70.49,76.32,100,98.66,71.58,82.48,excellent,High Reliability,14
415,"Location (35.0439, -85.3057)",53,6583,148,52,278,conservative,400,True,124.20754716981132,86.89,57.48,100,99.48,77.89,81.68,excellent,High Reliability,15
425,"Location (35.0407, -85.3074)",48,7408,133,63,254,conservative,400,True,154.33333333333334,78.69,64.68,100,99.37,70.0,80.98,excellent,High Reliability,16
328,"Location (35.0452, -85.3124)",37,9015,120,70,274,conservative,400,True,243.64864864864865,60.66,78.71,100,99.3,63.16,79.99,excellent,High Reliability,17
267,"Location (35.0507, -85.3124)",44,7142,114,144,279,conservative,400,True,162.3181818181818,72.13,62.36,100,98.56,60.0,77.52,excellent,High Reliability,18
313,"Location (35.0429, -85.3052)",45,6550,127,48,279,conservative,400,True,145.55555555555554,73.77,57.19,100,99.52,66.84,77.21,excellent,High Reliability,19
125,"Location (35.0516, -85.3070)",46,5509,157,71,291,conservative,400,True,119.76086956521739,75.41,48.1,100,99.29,82.63,76.44,excellent,High Reliability,20
383,"Location (35.0446, -85.3130)",33,8092,102,63,294,conservative,400,True,245.21212121212122,54.1,70.65,100,99.37,53.68,74.99,excellent,High Reliability,21
451,"Location (35.0410, -85.3059)",43,5815,107,157,286,conservative,400,True,135.2325581395349,70.49,50.77,100,98.43,56.32,73.25,excellent,High Reliability,22
242,"Location (35.0389, -85.3084)",41,5801,90,91,258,conservative,400,True,141.4878048780488,67.21,50.65,100,99.09,47.37,71.6,excellent,High Reliability,23
298,"Location (35.0400, -85.3066)",39,5606,93,104,273,conservative,400,True,143.74358974358975,63.93,48.95,100,98.96,48.95,70.41,excellent,High Reliability,24
448,"Location (35.0480, -85.3132)",28,6536,84,230,332,conservative,400,True,233.42857142857142,45.9,57.07,100,97.7,44.21,67.67,excellent,High Reliability,25
347,"Location (35.0544, -85.3102)",36,4771,101,43,226,conservative,400,True,132.52777777777777,59.02,41.66,100,99.57,53.16,67.5,excellent,High Reliability,26
287,"Location (35.0529, -85.3128)",35,5044,75,111,281,conservative,400,True,144.11428571428573,57.38,44.04,100,98.89,39.47,66.34,excellent,High Reliability,27
337,"Location (35.0483, -85.3062)",33,4380,118,98,297,conservative,400,True,132.72727272727272,54.1,38.24,100,99.02,62.11,66.06,excellent,High Reliability,28
419,"Location (35.0493, -85.3135)",30,5415,75,252,355,conservative,400,True,180.5,49.18,47.28,100,97.48,39.47,65.05,excellent,High Reliability,29
211,"Location (35.0503, -85.3132)",33,4743,75,225,323,conservative,400,True,143.72727272727272,54.1,41.41,100,97.75,39.47,64.56,excellent,High Reliability,30
283,"Location (35.0485, -85.3134)",26,5246,78,252,342,conservative,400,True,201.76923076923077,42.62,45.8,100,97.48,41.05,63.12,excellent,High Reliability,31
373,"Location (35.0540, -85.3125)",30,4178,62,105,273,conservative,400,True,139.26666666666668,49.18,36.48,100,98.95,32.63,61.34,excellent,High Reliability,32
157,"Location (35.0387, -85.3114)",32,3748,64,71,291,conservative,400,True,117.125,52.46,32.73,100,99.29,33.68,61.19,excellent,High Reliability,33
327,"Location (35.0551, -85.3114)",29,4008,69,86,282,conservative,400,True,138.20689655172413,47.54,35.0,100,99.14,36.32,60.89,excellent,High Reliability,34
358,"Location (35.0465, -85.3051)",31,3278,75,67,273,conservative,400,True,105.74193548387096,50.82,28.62,100,99.33,39.47,60.14,excellent,High Reliability,35
322,"Location (35.0542, -85.3069)",28,3174,101,79,283,conservative,400,True,113.35714285714286,45.9,27.71,100,99.21,53.16,59.99,excellent,High Reliability,36
364,"Location (35.0457, -85.3027)",31,3502,58,70,284,conservative,400,True,112.96774193548387,50.82,30.58,100,99.3,30.53,59.83,excellent,High Reliability,37
191,"Location (35.0469, -85.2948)",23,3591,107,45,266,conservative,400,True,156.1304347826087,37.7,31.35,100,99.55,56.32,59.4,excellent,High Reliability,38
338,"Location (35.0437, -85.3047)",34,2622,66,58,257,conservative,400,True,77.11764705882354,55.74,22.89,100,99.42,34.74,59.19,excellent,High Reliability,39
405,"Location (35.0361, -85.3092)",31,3218,50,78,254,conservative,400,True,103.80645161290323,50.82,28.1,100,99.22,26.32,58.65,excellent,High Reliability,40
308,"Location (35.0493, -85.3052)",27,3091,89,204,327,conservative,400,True,114.48148148148148,44.26,26.99,100,97.96,46.84,58.54,excellent,High Reliability,41
255,"Location (35.0490, -85.2944)",21,3328,108,60,206,conservative,400,True,158.47619047619048,34.43,29.06,100,99.4,56.84,57.92,excellent,High Reliability,42
224,"Location (35.0470, -85.2966)",24,3249,87,137,306,conservative,400,True,135.375,39.34,28.37,100,98.63,45.79,57.72,excellent,High Reliability,43
205,"Location (35.0463, -85.3041)",28,3005,58,58,256,conservative,400,True,107.32142857142857,45.9,26.24,100,99.42,30.53,57.31,excellent,High Reliability,44
403,"Location (35.0458, -85.3032)",28,3088,54,80,264,conservative,400,True,110.28571428571429,45.9,26.96,100,99.2,28.42,57.29,excellent,High Reliability,45
381,"Location (35.0495, -85.3031)",24,3021,88,62,285,conservative,400,True,125.875,39.34,26.38,100,99.38,46.32,57.29,excellent,High Reliability,46
433,"Location (35.0353, -85.3087)",30,2927,46,86,266,conservative,400,True,97.56666666666666,49.18,25.56,100,99.14,24.21,57.25,excellent,High Reliability,47
108,"Location (35.0480, -85.2928)",20,3183,107,76,218,conservative,400,True,159.15,32.79,27.79,100,99.24,56.32,57.05,excellent,High Reliability,48
363,"Location (35.0497, -85.3039)",23,3047,89,113,296,conservative,400,True,132.47826086956522,37.7,26.6,100,98.87,46.84,56.92,excellent,High Reliability,49
331,"Location (35.0399, -85.3122)",26,3260,51,181,308,conservative,400,True,125.38461538461539,42.62,28.46,100,98.19,26.84,56.61,excellent,High Reliability,50
406,"Location (35.0507, -85.3050)",21,2524,108,165,306,conservative,400,True,120.19047619047619,34.43,22.04,100,98.35,56.84,55.65,excellent,High Reliability,51
372,"Location (35.0364, -85.3057)",25,2942,46,95,244,conservative,400,True,117.68,40.98,25.69,100,99.05,24.21,55.23,excellent,High Reliability,52
284,33,21,2277,100,63,251,conservative,400,True,108.42857142857143,34.43,19.88,100,99.37,52.63,54.74,excellent,High Reliability,53
113,"Location (35.0468, -85.3023)",22,3135,41,58,245,conservative,400,True,142.5,36.07,27.37,100,99.42,21.58,54.3,excellent,High Reliability,54
310,Unum,21,2483,82,207,310,conservative,400,True,118.23809523809524,34.43,21.68,100,97.93,43.16,54.12,excellent,High Reliability,55
456,"Location (35.0488, -85.3039)",22,2647,59,78,279,conservative,400,True,120.31818181818181,36.07,23.11,100,99.22,31.05,53.94,excellent,High Reliability,56
435,"Location (35.0490, -85.3042)",22,2476,58,106,287,conservative,400,True,112.54545454545455,36.07,21.62,100,98.94,30.53,53.4,excellent,High Reliability,57
431,48,22,2874,33,49,278,conservative,400,True,130.63636363636363,36.07,25.09,100,99.51,17.37,53.21,excellent,High Reliability,58
382,"Location (35.0484, -85.3041)",21,2612,53,87,268,conservative,400,True,124.38095238095238,34.43,22.81,100,99.13,27.89,53.11,excellent,High Reliability,59
367,"Location (35.0508, -85.3045)",18,2187,91,150,281,conservative,400,True,121.5,29.51,19.1,100,98.5,47.89,52.67,excellent,High Reliability,60
352,"Location (35.0362, -85.3051)",22,2385,37,92,245,conservative,400,True,108.4090909090909,36.07,20.82,100,99.08,19.47,52.07,excellent,High Reliability,61
222,32,18,1980,73,65,217,conservative,400,True,110.0,29.51,17.29,100,99.35,38.42,51.31,excellent,High Reliability,62
321,"Location (35.0476, -85.3019)",18,2657,39,91,229,conservative,400,True,147.61111111111111,29.51,23.2,100,99.09,20.53,51.25,excellent,High Reliability,63
457,"Location (35.0345, -85.3072)",22,2181,29,87,245,conservative,400,True,99.13636363636364,36.07,19.04,100,99.13,15.26,51.13,excellent,High Reliability,64
254,"Location (35.0401, -85.2715)",26,1030,36,78,230,conservative,400,True,39.61538461538461,42.62,8.99,100,99.22,18.95,50.13,excellent,High Reliability,65
197,"Location (35.0457, -85.2877)",12,2402,72,89,213,conservative,400,True,200.16666666666666,19.67,20.97,100,99.11,37.89,49.87,excellent,High Reliability,66
149,"Location (35.0346, -85.2698)",22,1438,24,71,259,conservative,400,True,65.36363636363636,36.07,12.56,100,99.29,12.63,48.94,excellent,High Reliability,67
291,"Location (35.0427, -85.2985)",20,1748,23,70,276,conservative,400,True,87.4,32.79,15.26,100,99.3,12.11,48.88,excellent,High Reliability,68
368,"Location (35.0351, -85.3120)",21,1459,28,58,252,conservative,400,True,69.47619047619048,34.43,12.74,100,99.42,14.74,48.81,excellent,High Reliability,69
404,"Location (35.0420, -85.3024)",21,1333,29,38,274,conservative,400,True,63.476190476190474,34.43,11.64,100,99.62,15.26,48.57,excellent,High Reliability,70
165,"Location (35.0439, -85.2878)",12,2028,60,100,265,conservative,400,True,169.0,19.67,17.71,100,99.0,31.58,48.24,excellent,High Reliability,71
341,"Location (35.0373, -85.3118)",20,1387,28,55,214,conservative,400,True,69.35,32.79,12.11,100,99.45,14.74,48.22,excellent,High Reliability,72
377,"Location (35.0523, -85.2978)",14,1221,77,143,282,conservative,400,True,87.21428571428571,22.95,10.66,100,98.57,40.53,47.77,excellent,High Reliability,73
239,"Location (35.0361, -85.2689)",22,1081,22,183,290,conservative,400,True,49.13636363636363,36.07,9.44,100,98.17,11.58,47.73,excellent,High Reliability,74
351,"Location (35.0441, -85.2791)",15,1051,70,47,164,conservative,400,True,70.06666666666666,24.59,9.18,100,99.53,36.84,47.51,excellent,High Reliability,75
317,"Location (35.0377, -85.3131)",19,1265,25,77,239,conservative,400,True,66.57894736842105,31.15,11.05,100,99.23,13.16,47.3,excellent,High Reliability,76
175,"Location (35.0322, -85.2740)",19,1320,21,64,236,conservative,400,True,69.47368421052632,31.15,11.53,100,99.36,11.05,47.25,excellent,High Reliability,77
370,"Location (35.0495, -85.2880)",8,2155,67,283,330,conservative,400,True,269.375,13.11,18.82,100,97.17,35.26,47.03,excellent,High Reliability,78
388,"Location (35.0171, -85.3234)",18,1338,22,68,186,conservative,400,True,74.33333333333333,29.51,11.68,100,99.32,11.58,46.94,excellent,High Reliability,79
136,"Location (35.0434, -85.2808)",14,1033,68,76,214,conservative,400,True,73.78571428571429,22.95,9.02,100,99.24,35.79,46.91,excellent,High Reliability,80
73,"Location (35.0339, -85.2680)",18,1378,19,62,313,conservative,400,True,76.55555555555556,29.51,12.03,100,99.38,10.0,46.89,excellent,High Reliability,81
458,"Location (35.0308, -85.2699)",18,1348,20,60,307,conservative,400,True,74.88888888888889,29.51,11.77,100,99.4,10.53,46.87,excellent,High Reliability,82
268,"Location (35.0417, -85.2999)",18,1320,20,73,252,conservative,400,True,73.33333333333333,29.51,11.53,100,99.27,10.53,46.78,excellent,High Reliability,83
207,"Location (35.0155, -85.3245)",17,1289,21,59,220,conservative,400,True,75.82352941176471,27.87,11.25,100,99.41,11.05,46.36,excellent,High Reliability,84
371,"Location (35.0433, -85.2963)",14,1750,18,71,269,conservative,400,True,125.0,22.95,15.28,100,99.29,9.47,46.16,excellent,High Reliability,85
369,"Location (35.0353, -85.3131)",17,1098,22,52,233,conservative,400,True,64.58823529411765,27.87,9.59,100,99.48,11.58,45.92,excellent,High Reliability,86
426,"Location (35.0651, -85.3101)",18,885,21,100,281,conservative,400,True,49.166666666666664,29.51,7.73,100,99.0,11.05,45.65,excellent,High Reliability,87
447,"Location (35.0628, -85.3062)",15,1236,23,55,195,conservative,400,True,82.4,24.59,10.79,100,99.45,12.11,45.51,excellent,High Reliability,88
326,"Location (35.0632, -85.3081)",15,1189,23,58,174,conservative,400,True,79.26666666666667,24.59,10.38,100,99.42,12.11,45.39,excellent,High Reliability,89
385,"Location (35.0453, -85.2959)",12,1824,15,71,249,conservative,400,True,152.0,19.67,15.93,100,99.29,7.89,45.38,excellent,High Reliability,90
355,"Location (35.0655, -85.3108)",18,809,20,130,284,conservative,400,True,44.94444444444444,29.51,7.06,100,98.7,10.53,45.35,excellent,High Reliability,91
446,"Location (35.0412, -85.2989)",17,946,18,41,242,conservative,400,True,55.64705882352941,27.87,8.26,100,99.59,9.47,45.33,excellent,High Reliability,92
119,"Location (35.0438, -85.2821)",12,923,60,133,258,conservative,400,True,76.91666666666667,19.67,8.06,100,98.67,31.58,45.29,excellent,High Reliability,93
60,"Location (35.0346, -85.2663)",15,1031,15,182,320,conservative,400,True,68.73333333333333,24.59,9.0,100,98.18,7.89,44.36,excellent,High Reliability,94
380,"Location (35.0619, -85.3081)",13,1116,21,73,157,conservative,400,True,85.84615384615384,21.31,9.74,100,99.27,11.05,44.25,excellent,High Reliability,95
171,"Location (35.0612, -85.3059)",13,1116,21,113,204,conservative,400,True,85.84615384615384,21.31,9.74,100,98.87,11.05,44.19,excellent,High Reliability,96
282,"Location (35.0090, -85.3241)",14,1047,14,102,276,conservative,400,True,74.78571428571429,22.95,9.14,100,98.98,7.37,44.06,excellent,High Reliability,97
357,"Location (35.0628, -85.3110)",14,869,18,78,276,conservative,400,True,62.07142857142857,22.95,7.59,100,99.22,9.47,43.84,excellent,High Reliability,98
227,"Location (34.9871, -85.2876)",13,900,19,82,216,conservative,400,True,69.23076923076923,21.31,7.86,100,99.18,10.0,43.56,excellent,High Reliability,99
18,"Location (35.0379, -85.3148)",14,808,15,99,271,conservative,400,True,57.714285714285715,22.95,7.05,100,99.01,7.89,43.5,excellent,High Reliability,100
412,"Location (35.0613, -85.3093)",12,1056,20,155,232,conservative,400,True,88.0,19.67,9.22,100,98.45,10.53,43.5,excellent,High Reliability,101
420,"Location (35.0127, -85.2288)",11,1138,11,48,235,conservative,400,True,103.45454545454545,18.03,9.94,100,99.52,5.79,43.0,excellent,High Reliability,102
249,"Location (35.0405, -85.3140)",12,776,14,76,273,conservative,400,True,64.66666666666667,19.67,6.78,100,99.24,7.37,42.57,excellent,High Reliability,103
247,"Location (35.0487, -85.2783)",10,431,46,85,161,conservative,400,True,43.1,16.39,3.76,100,99.15,24.21,42.52,excellent,High Reliability,104
395,"Location (35.0428, -85.2917)",9,1204,12,79,246,conservative,400,True,133.77777777777777,14.75,10.51,100,99.21,6.32,42.36,excellent,High Reliability,105
259,"Location (35.0257, -85.2775)",12,720,12,76,211,conservative,400,True,60.0,19.67,6.29,100,99.24,6.32,42.32,excellent,High Reliability,106
245,"Location (35.0194, -85.2396)",10,1035,10,51,211,conservative,400,True,103.5,16.39,9.04,100,99.49,5.26,42.26,excellent,High Reliability,107
261,"Location (35.0224, -85.2433)",10,1035,10,57,206,conservative,400,True,103.5,16.39,9.04,100,99.43,5.26,42.25,excellent,High Reliability,108
445,"Location (35.0103, -85.2197)",10,1035,10,61,195,conservative,400,True,103.5,16.39,9.04,100,99.39,5.26,42.24,excellent,High Reliability,109
315,"Location (35.0109, -85.2239)",10,1034,10,95,197,conservative,400,True,103.4,16.39,9.03,100,99.05,5.26,42.19,excellent,High Reliability,110
158,"Location (35.0185, -85.2388)",10,1035,10,96,219,conservative,400,True,103.5,16.39,9.04,100,99.04,5.26,42.19,excellent,High Reliability,111
394,"Location (35.0102, -85.2146)",10,1035,10,121,256,conservative,400,True,103.5,16.39,9.04,100,98.79,5.26,42.15,excellent,High Reliability,112
106,"Location (35.0463, -85.3161)",9,1216,10,200,325,conservative,400,True,135.11111111111111,14.75,10.62,100,98.0,5.26,42.1,excellent,High Reliability,113
59,"Location (35.0243, -85.2452)",10,990,10,77,225,conservative,400,True,99.0,16.39,8.64,100,99.23,5.26,42.1,excellent,High Reliability,114
271,"Location (35.0494, -85.2763)",10,371,40,58,162,conservative,400,True,37.1,16.39,3.24,100,99.42,21.05,42.09,excellent,High Reliability,115
263,"Location (35.0499, -85.2870)",5,1248,42,343,372,conservative,400,True,249.6,8.2,10.9,100,96.57,22.11,42.01,excellent,High Reliability,116
349,"Location (35.1020, -85.2747)",11,660,11,30,190,conservative,400,True,60.0,18.03,5.76,100,99.7,5.79,41.77,excellent,High Reliability,117
253,"Location (35.0448, -85.3203)",11,650,11,44,218,conservative,400,True,59.09090909090909,18.03,5.68,100,99.56,5.79,41.72,excellent,High Reliability,118
401,"Location (35.1014, -85.2741)",11,660,11,105,232,conservative,400,True,60.0,18.03,5.76,100,98.95,5.79,41.66,excellent,High Reliability,119
260,"Location (35.0441, -85.2600)",13,379,13,251,331,conservative,400,True,29.153846153846153,21.31,3.31,100,97.49,6.84,41.63,excellent,High Reliability,120
301,"Location (35.0632, -85.3124)",11,625,13,172,293,conservative,400,True,56.81818181818182,18.03,5.46,100,98.28,6.84,41.57,excellent,High Reliability,121
54,"Location (35.0093, -85.2136)",9,931,9,55,247,conservative,400,True,103.44444444444444,14.75,8.13,100,99.45,4.74,41.52,excellent,High Reliability,122
378,"Location (35.0167, -85.2357)",9,932,9,72,210,conservative,400,True,103.55555555555556,14.75,8.14,100,99.28,4.74,41.5,excellent,High Reliability,123
103,"Location (35.0575, -85.2541)",12,399,12,67,226,conservative,400,True,33.25,19.67,3.48,100,99.33,6.32,41.49,excellent,High Reliability,124
173,"Location (35.0098, -85.2182)",9,931,9,76,207,conservative,400,True,103.44444444444444,14.75,8.13,100,99.24,4.74,41.49,excellent,High Reliability,125
414,"Location (35.0455, -85.1624)",9,930,9,88,242,conservative,400,True,103.33333333333333,14.75,8.12,100,99.12,4.74,41.47,excellent,High Reliability,126
135,"Location (35.0147, -85.3261)",10,718,12,106,228,conservative,400,True,71.8,16.39,6.27,100,98.94,6.32,41.45,excellent,High Reliability,127
131,"Location (35.0588, -85.2533)",12,371,12,102,245,conservative,400,True,30.916666666666668,19.67,3.24,100,98.98,6.32,41.37,excellent,High Reliability,128
455,"Location (35.0630, -85.3031)",9,810,14,189,287,conservative,400,True,90.0,14.75,7.07,100,98.11,7.37,41.26,excellent,High Reliability,129
270,"Location (35.0349, -85.3148)",11,539,11,165,246,conservative,400,True,49.0,18.03,4.71,100,98.35,5.79,41.25,excellent,High Reliability,130
220,"Location (35.0394, -85.2659)",12,276,14,104,265,conservative,400,True,23.0,19.67,2.41,100,98.96,7.37,41.22,excellent,High Reliability,131
439,"Location (35.0686, -85.2890)",10,600,10,44,217,conservative,400,True,60.0,16.39,5.24,100,99.56,5.26,41.13,excellent,High Reliability,132
176,"Location (35.0433, -85.2582)",11,418,11,72,237,conservative,400,True,38.0,18.03,3.65,100,99.28,5.79,41.07,excellent,High Reliability,133
279,"Location (35.0411, -85.2619)",12,313,12,238,319,conservative,400,True,26.083333333333332,19.67,2.73,100,97.62,6.32,41.01,excellent,High Reliability,134
152,"Location (35.0228, -85.2752)",10,600,10,157,256,conservative,400,True,60.0,16.39,5.24,100,98.43,5.26,40.96,excellent,High Reliability,135
117,"Location (35.0101, -85.3267)",9,672,9,99,204,conservative,400,True,74.66666666666667,14.75,5.87,100,99.01,4.74,40.77,excellent,High Reliability,136
336,"Location (35.0452, -85.1613)",8,827,8,84,206,conservative,400,True,103.375,13.11,7.22,100,99.16,4.21,40.74,excellent,High Reliability,137
265,"Location (35.0373, -85.2639)",11,390,11,243,298,conservative,400,True,35.45454545454545,18.03,3.41,100,97.57,5.79,40.74,excellent,High Reliability,138
154,"Location (35.0090, -85.3291)",9,620,9,84,199,conservative,400,True,68.88888888888889,14.75,5.41,100,99.16,4.74,40.66,excellent,High Reliability,139
302,"Location (35.0072, -85.2079)",8,828,8,157,298,conservative,400,True,103.5,13.11,7.23,100,98.43,4.21,40.63,excellent,High Reliability,140
169,"Location (35.0316, -85.3046)",9,672,12,348,372,conservative,400,True,74.66666666666667,14.75,5.87,100,96.52,6.32,40.56,excellent,High Reliability,141
236,"Location (35.0401, -85.2587)",10,380,10,66,220,conservative,400,True,38.0,16.39,3.32,100,99.34,5.26,40.52,excellent,High Reliability,142
38,"Location (35.0084, -85.2163)",8,828,8,261,304,conservative,400,True,103.5,13.11,7.23,100,97.39,4.21,40.48,excellent,High Reliability,143
97,"Location (35.0210, -85.2908)",11,198,11,93,218,conservative,400,True,18.0,18.03,1.73,100,99.07,5.79,40.47,excellent,High Reliability,144
214,"Location (35.0229, -85.2482)",8,783,8,217,294,conservative,400,True,97.875,13.11,6.84,100,97.83,4.21,40.43,excellent,High Reliability,145
145,"Location (35.0679, -85.3144)",10,342,10,82,189,conservative,400,True,34.2,16.39,2.99,100,99.18,5.26,40.4,excellent,High Reliability,146
160,"Location (35.0471, -85.3177)",9,524,9,100,250,conservative,400,True,58.22222222222222,14.75,4.58,100,99.0,4.74,40.38,excellent,High Reliability,147
120,"Location (35.0456, -85.2590)",10,351,10,191,289,conservative,400,True,35.1,16.39,3.06,100,98.09,5.26,40.26,excellent,High Reliability,148
339,"Location (35.0328, -85.3132)",9,441,9,56,172,conservative,400,True,49.0,14.75,3.85,100,99.44,4.74,40.23,excellent,High Reliability,149
408,"Location (35.0106, -85.2120)",7,725,7,154,268,conservative,400,True,103.57142857142857,11.48,6.33,100,98.46,3.68,39.91,excellent,High Reliability,150
85,"Location (35.1065, -85.2718)",8,480,8,47,228,conservative,400,True,60.0,13.11,4.19,100,99.53,4.21,39.89,excellent,High Reliability,151
116,"Location (35.0350, -85.3162)",9,441,9,296,333,conservative,400,True,49.0,14.75,3.85,100,97.04,4.74,39.87,excellent,High Reliability,152
374,"Location (35.1132, -85.2641)",8,480,8,59,219,conservative,400,True,60.0,13.11,4.19,100,99.41,4.21,39.87,excellent,High Reliability,153
399,"Location (35.0690, -85.2886)",8,480,8,68,188,conservative,400,True,60.0,13.11,4.19,100,99.32,4.21,39.86,excellent,High Reliability,154
91,"Location (35.0241, -85.2913)",10,180,10,207,268,conservative,400,True,18.0,16.39,1.57,100,97.93,5.26,39.79,excellent,High Reliability,155
67,"Location (35.0378, -85.2588)",9,342,9,215,250,conservative,400,True,38.0,14.75,2.99,100,97.85,4.74,39.74,excellent,High Reliability,156
232,"Location (35.0205, -85.2881)",9,162,9,63,225,conservative,400,True,18.0,14.75,1.41,100,99.37,4.74,39.49,excellent,High Reliability,157
127,"Location (35.0068, -85.2108)",6,621,6,46,152,conservative,400,True,103.5,9.84,5.42,100,99.54,3.16,39.33,excellent,High Reliability,158
421,"Location (35.0266, -85.2538)",6,621,6,66,142,conservative,400,True,103.5,9.84,5.42,100,99.34,3.16,39.3,excellent,High Reliability,159
443,"Location (35.0103, -85.2126)",6,621,6,87,206,conservative,400,True,103.5,9.84,5.42,100,99.13,3.16,39.27,excellent,High Reliability,160
392,"Location (35.0484, -85.3204)",7,398,7,43,186,conservative,400,True,56.857142857142854,11.48,3.48,100,99.57,3.68,39.22,excellent,High Reliability,161
400,"Location (35.0440, -85.1566)",6,620,6,141,265,conservative,400,True,103.33333333333333,9.84,5.41,100,98.59,3.16,39.19,excellent,High Reliability,162
416,"Location (35.0116, -85.2134)",6,620,6,144,257,conservative,400,True,103.33333333333333,9.84,5.41,100,98.56,3.16,39.18,excellent,High Reliability,163
179,"Location (35.0484, -85.3213)",7,398,7,113,221,conservative,400,True,56.857142857142854,11.48,3.48,100,98.87,3.68,39.11,excellent,High Reliability,164
307,"Location (35.0469, -85.3216)",7,398,7,119,191,conservative,400,True,56.857142857142854,11.48,3.48,100,98.81,3.68,39.1,excellent,High Reliability,165
285,"Location (35.0251, -85.3177)",7,343,7,60,179,conservative,400,True,49.0,11.48,2.99,100,99.4,3.68,39.05,excellent,High Reliability,166
96,"Location (35.0152, -85.2073)",6,549,6,119,216,conservative,400,True,91.5,9.84,4.79,100,98.81,3.16,39.03,excellent,High Reliability,167
31,"Location (35.0462, -85.3227)",7,398,7,244,294,conservative,400,True,56.857142857142854,11.48,3.48,100,97.56,3.68,38.91,excellent,High Reliability,168
41,"Location (35.0119, -85.2118)",6,549,6,270,314,conservative,400,True,91.5,9.84,4.79,100,97.3,3.16,38.81,excellent,High Reliability,169
213,"Location (35.0624, -85.2982)",6,360,6,87,198,conservative,400,True,60.0,9.84,3.14,100,99.13,3.16,38.59,excellent,High Reliability,170
20,Hixson Plaza,6,360,6,113,145,conservative,400,True,60.0,9.84,3.14,100,98.87,3.16,38.55,excellent,High Reliability,171
277,"Location (35.0149, -85.2092)",5,445,5,37,138,conservative,400,True,89.0,8.2,3.89,100,99.63,2.63,38.42,excellent,High Reliability,172
427,"Location (35.0628, -85.3131)",6,316,6,136,245,conservative,400,True,52.666666666666664,9.84,2.76,100,98.64,3.16,38.4,excellent,High Reliability,173
231,"Location (35.0061, -85.2141)",5,517,5,262,301,conservative,400,True,103.4,8.2,4.51,100,97.38,2.63,38.27,excellent,High Reliability,174
28,"Location (35.0404, -85.3213)",5,315,5,144,274,conservative,400,True,63.0,8.2,2.75,100,98.56,2.63,37.92,excellent,High Reliability,175
21,"Location (35.0295, -85.3069)",5,375,5,258,320,conservative,400,True,75.0,8.2,3.27,100,97.42,2.63,37.91,excellent,High Reliability,176
110,"Location (35.0308, -85.3055)",5,375,5,299,327,conservative,400,True,75.0,8.2,3.27,100,97.01,2.63,37.85,excellent,High Reliability,177
65,"Location (35.0632, -85.3147)",5,256,5,92,258,conservative,400,True,51.2,8.2,2.24,100,99.08,2.63,37.84,excellent,High Reliability,178
52,"Location (35.0554, -85.3148)",2,888,4,352,374,conservative,400,True,444.0,3.28,7.75,100,96.48,2.11,37.83,excellent,Moderate Reliability,179
436,"Location (35.0614, -85.2981)",5,300,5,186,261,conservative,400,True,60.0,8.2,2.62,100,98.14,2.63,37.82,excellent,High Reliability,180
294,"Location (35.0499, -85.3206)",5,272,5,173,279,conservative,400,True,54.4,8.2,2.37,100,98.27,2.63,37.77,excellent,High Reliability,181
309,"Location (35.0601, -85.3027)",4,386,6,158,233,conservative,400,True,96.5,6.56,3.37,100,98.42,3.16,37.73,excellent,High Reliability,182
266,"Location (35.0807, -85.2638)",5,130,8,56,203,conservative,400,True,26.0,8.2,1.14,100,99.44,4.21,37.73,excellent,High Reliability,183
423,"Location (35.0323, -85.1858)",4,414,4,189,268,conservative,400,True,103.5,6.56,3.61,100,98.11,2.11,37.65,excellent,High Reliability,184
36,"Location (35.0142, -85.2121)",4,342,4,133,269,conservative,400,True,85.5,6.56,2.99,100,98.67,2.11,37.55,excellent,High Reliability,185
156,"Location (35.0327, -85.1841)",4,414,4,262,322,conservative,400,True,103.5,6.56,3.61,100,97.38,2.11,37.54,excellent,High Reliability,186
142,"Location (35.0196, -85.3137)",4,300,4,158,205,conservative,400,True,75.0,6.56,2.62,100,98.42,2.11,37.4,excellent,High Reliability,187
244,"Location (35.1181, -85.2505)",4,240,4,90,159,conservative,400,True,60.0,6.56,2.1,100,99.1,2.11,37.34,excellent,High Reliability,188
262,"Location (35.0388, -85.1575)",3,413,3,187,277,conservative,400,True,137.66666666666666,4.92,3.61,100,98.13,1.58,37.19,excellent,High Reliability,189
444,"Location (35.0226, -85.3200)",4,196,4,181,251,conservative,400,True,49.0,6.56,1.71,100,98.19,2.11,37.09,excellent,High Reliability,190
226,"Location (35.0600, -85.3011)",4,240,4,266,330,conservative,400,True,60.0,6.56,2.1,100,97.34,2.11,37.08,excellent,High Reliability,191
77,"Location (35.0373, -85.3177)",4,252,4,311,346,conservative,400,True,63.0,6.56,2.2,100,96.89,2.11,37.04,excellent,High Reliability,192
7,"Location (35.0098, -85.2057)",3,311,3,158,188,conservative,400,True,103.66666666666667,4.92,2.72,100,98.42,1.58,36.97,excellent,High Reliability,193
356,"Location (35.0318, -85.1846)",3,311,3,154,206,conservative,400,True,103.66666666666667,4.92,2.72,100,98.46,1.58,36.97,excellent,High Reliability,194
12,"Location (35.0266, -85.1941)",3,311,3,183,219,conservative,400,True,103.66666666666667,4.92,2.72,100,98.17,1.58,36.93,excellent,High Reliability,195
178,"Location (35.0213, -85.3238)",4,196,4,307,330,conservative,400,True,49.0,6.56,1.71,100,96.93,2.11,36.9,excellent,High Reliability,196
115,"Location (35.0331, -85.1567)",3,311,3,235,283,conservative,400,True,103.66666666666667,4.92,2.72,100,97.65,1.58,36.85,excellent,High Reliability,197
25,"Location (35.0486, -85.3163)",4,146,4,299,351,conservative,400,True,36.5,6.56,1.27,100,97.01,2.11,36.78,excellent,High Reliability,198
29,"Location (35.0365, -85.1552)",3,311,3,292,311,conservative,400,True,103.66666666666667,4.92,2.72,100,97.08,1.58,36.76,excellent,High Reliability,199
10,"Location (35.0348, -85.1568)",3,311,3,338,359,conservative,400,True,103.66666666666667,4.92,2.72,100,96.62,1.58,36.69,excellent,High Reliability,200
269,"Location (35.0245, -85.3113)",3,225,3,218,269,conservative,400,True,75.0,4.92,1.96,100,97.82,1.58,36.65,excellent,High Reliability,201
151,"Location (35.1293, -85.2475)",3,134,3,100,171,conservative,400,True,44.666666666666664,4.92,1.17,100,99.0,1.58,36.59,excellent,High Reliability,202
95,"Location (35.0369, -85.1581)",2,310,2,216,293,conservative,400,True,155.0,3.28,2.71,100,97.84,1.05,36.41,excellent,Moderate Reliability,203
24,"Location (35.0395, -85.1549)",2,206,2,78,106,conservative,400,True,103.0,3.28,1.8,100,99.22,1.05,36.35,excellent,Moderate Reliability,204
42,"Location (35.0338, -85.1606)",2,310,2,267,302,conservative,400,True,155.0,3.28,2.71,100,97.33,1.05,36.34,excellent,Moderate Reliability,205
17,"Location (35.0321, -85.1578)",2,207,2,117,220,conservative,400,True,103.5,3.28,1.81,100,98.83,1.05,36.29,excellent,Moderate Reliability,206
34,"Location (35.1296, -85.2415)",2,180,2,110,232,conservative,400,True,90.0,3.28,1.57,100,98.9,1.05,36.23,excellent,Moderate Reliability,207
230,"Location (35.1320, -85.2399)",2,180,2,129,242,conservative,400,True,90.0,3.28,1.57,100,98.71,1.05,36.2,excellent,Moderate Reliability,208
35,"Location (35.1314, -85.2414)",2,180,2,157,222,conservative,400,True,90.0,3.28,1.57,100,98.43,1.05,36.16,excellent,Moderate Reliability,209
13,"Location (35.1397, -85.2457)",2,120,2,174,179,conservative,400,True,60.0,3.28,1.05,100,98.26,1.05,35.98,excellent,Moderate Reliability,210
195,"Location (35.1310, -85.2387)",2,180,2,289,293,conservative,400,True,90.0,3.28,1.57,100,97.11,1.05,35.96,excellent,Moderate Reliability,211
47,"Location (35.1304, -85.2379)",2,180,2,310,350,conservative,400,True,90.0,3.28,1.57,100,96.9,1.05,35.93,excellent,Moderate Reliability,212
75,"Location (35.0366, -85.1597)",1,207,1,74,74,conservative,400,True,207.0,1.64,1.81,100,99.26,0.53,35.89,excellent,Low Reliability,213
5,"Location (34.9952, -85.3113)",2,150,2,309,337,conservative,400,True,75.0,3.28,1.31,100,96.91,1.05,35.85,excellent,Moderate Reliability,214
58,"Location (35.0353, -85.1609)",1,207,1,177,177,conservative,400,True,207.0,1.64,1.81,100,98.23,0.53,35.74,excellent,Low Reliability,215
57,"Location (35.1355, -85.2454)",2,120,2,346,352,conservative,400,True,60.0,3.28,1.05,100,96.54,1.05,35.72,excellent,Moderate Reliability,216
210,"Location (35.0323, -85.1595)",1,103,1,73,73,conservative,400,True,103.0,1.64,0.9,100,99.27,0.53,35.62,excellent,Low Reliability,217
70,"Location (35.1287, -85.2380)",1,120,1,248,248,conservative,400,True,120.0,1.64,1.05,100,97.52,0.53,35.4,excellent,Low Reliability,218
86,"Location (35.1268, -85.2384)",1,120,1,306,306,conservative,400,True,120.0,1.64,1.05,100,96.94,0.53,35.32,excellent,Low Reliability,219
81,"Location (35.0743, -85.1868)",5,85,5,170,306,conservative,400,True,17.0,8.2,0.74,80,98.3,2.63,33.28,good,High Reliability,220
182,"Location (35.0730, -85.1843)",4,68,4,153,254,conservative,400,True,17.0,6.56,0.59,80,98.47,2.11,32.8,good,High Reliability,221
390,"Location (35.0721, -85.1320)",4,64,5,208,296,conservative,400,True,16.0,6.56,0.56,80,97.92,2.63,32.76,good,High Reliability,222
297,"Location (35.0565, -85.2797)",3,80,6,135,220,conservative,400,True,26.666666666666668,4.92,0.7,80,98.65,3.16,32.55,good,High Reliability,223
48,"Location (35.0574, -85.2803)",3,80,6,167,253,conservative,400,True,26.666666666666668,4.92,0.7,80,98.33,3.16,32.5,good,High Reliability,224
53,"Location (35.0985, -85.2375)",3,64,3,194,284,conservative,400,True,21.333333333333332,4.92,0.56,80,98.06,1.58,32.26,good,High Reliability,225
72,"Location (35.0985, -85.2411)",3,64,3,229,233,conservative,400,True,21.333333333333332,4.92,0.56,80,97.71,1.58,32.21,good,High Reliability,226
225,"Location (35.0730, -85.1531)",3,56,4,263,303,conservative,400,True,18.666666666666668,4.92,0.49,80,97.37,2.11,32.19,good,High Reliability,227
303,"Location (35.0959, -85.2549)",3,64,4,288,312,conservative,400,True,21.333333333333332,4.92,0.56,80,97.12,2.11,32.18,good,High Reliability,228
193,"Location (35.0717, -85.1848)",3,51,3,284,328,conservative,400,True,17.0,4.92,0.45,80,97.16,1.58,32.09,good,High Reliability,229
206,"Location (35.0782, -85.2666)",2,64,4,87,240,conservative,400,True,32.0,3.28,0.56,80,99.13,2.11,32.07,good,Moderate Reliability,230
30,"Location (35.0714, -85.1375)",3,51,3,307,321,conservative,400,True,17.0,4.92,0.45,80,96.93,1.58,32.06,good,High Reliability,231
128,"Location (35.0543, -85.2811)",2,56,4,159,174,conservative,400,True,28.0,3.28,0.49,80,98.41,2.11,31.94,good,Moderate Reliability,232
162,"Location (35.0554, -85.2832)",2,56,4,205,207,conservative,400,True,28.0,3.28,0.49,80,97.95,2.11,31.87,good,Moderate Reliability,233
198,"Location (35.0546, -85.2827)",2,56,4,206,212,conservative,400,True,28.0,3.28,0.49,80,97.94,2.11,31.87,good,Moderate Reliability,234
243,"Location (35.1330, -85.2406)",1,60,1,45,45,conservative,400,True,60.0,1.64,0.52,80,99.55,0.53,31.55,good,Low Reliability,235
238,"Location (35.1338, -85.2408)",1,60,1,110,110,conservative,400,True,60.0,1.64,0.52,80,98.9,0.53,31.45,good,Low Reliability,236
196,"Location (35.1336, -85.2397)",1,60,1,145,145,conservative,400,True,60.0,1.64,0.52,80,98.55,0.53,31.4,good,Low Reliability,237
90,Highland Plaza,1,60,1,170,170,conservative,400,True,60.0,1.64,0.52,80,98.3,0.53,31.36,good,Low Reliability,238
16,"Location (35.1371, -85.2424)",1,60,1,234,234,conservative,400,True,60.0,1.64,0.52,80,97.66,0.53,31.27,good,Low Reliability,239
187,"Location (35.1345, -85.2393)",1,60,1,244,244,conservative,400,True,60.0,1.64,0.52,80,97.56,0.53,31.25,good,Low Reliability,240
49,"Location (35.1323, -85.2382)",1,60,1,258,258,conservative,400,True,60.0,1.64,0.52,80,97.42,0.53,31.23,good,Low Reliability,241
15,"Location (35.1343, -85.2443)",1,60,1,347,347,conservative,400,True,60.0,1.64,0.52,80,96.53,0.53,31.1,good,Low Reliability,242
137,"Location (35.0505, -85.3152)",1,60,1,375,375,conservative,400,True,60.0,1.64,0.52,80,96.25,0.53,31.06,good,Low Reliability,243
166,"Location (35.1325, -85.2367)",1,60,1,395,395,conservative,400,True,60.0,1.64,0.52,80,96.05,0.53,31.03,good,Low Reliability,244
126,"Location (35.0871, -85.1891)",5,47,5,69,260,conservative,400,True,9.4,8.2,0.41,60,99.31,2.63,29.33,fair,Moderate Reliability,245
202,"Location (35.0730, -85.2366)",4,37,4,122,202,conservative,400,True,9.25,6.56,0.32,60,98.78,2.11,28.76,fair,Moderate Reliability,246
11,VWGoA,3,38,4,114,190,conservative,400,True,12.666666666666666,4.92,0.33,60,98.86,2.11,28.37,fair,Moderate Reliability,247
133,"Location (35.0580, -85.2772)",2,39,3,101,206,conservative,400,True,19.5,3.28,0.34,60,98.99,1.58,27.93,fair,Moderate Reliability,248
104,"Location (35.0700, -85.1410)",2,34,2,65,90,conservative,400,True,17.0,3.28,0.3,60,99.35,1.05,27.92,fair,Moderate Reliability,249
9,VWGoA,2,34,2,102,104,conservative,400,True,17.0,3.28,0.3,60,98.98,1.05,27.86,fair,Moderate Reliability,250
256,"Location (35.0625, -85.2756)",2,32,2,175,243,conservative,400,True,16.0,3.28,0.28,60,98.25,1.05,27.75,fair,Moderate Reliability,251
376,"Location (35.0964, -85.2532)",2,47,3,289,344,conservative,400,True,23.5,3.28,0.41,60,97.11,1.58,27.67,fair,Moderate Reliability,252
88,"Location (35.0865, -85.1334)",1,39,2,32,32,conservative,400,True,39.0,1.64,0.34,60,99.68,1.05,27.57,fair,Low Reliability,253
218,"Location (35.1003, -85.2398)",1,30,1,93,93,conservative,400,True,30.0,1.64,0.26,60,99.07,0.53,27.4,fair,Low Reliability,254
69,"Location (35.0857, -85.1316)",1,39,2,212,212,conservative,400,True,39.0,1.64,0.34,60,97.88,1.05,27.3,fair,Low Reliability,255
82,"Location (35.0981, -85.2447)",1,32,2,213,213,conservative,400,True,32.0,1.64,0.28,60,97.87,1.05,27.28,fair,Low Reliability,256
46,"Location (35.1015, -85.2385)",1,30,1,198,198,conservative,400,True,30.0,1.64,0.26,60,98.02,0.53,27.24,fair,Low Reliability,257
219,"Location (35.0754, -85.2644)",1,32,2,290,290,conservative,400,True,32.0,1.64,0.28,60,97.1,1.05,27.16,fair,Low Reliability,258
144,"Location (35.0997, -85.2429)",1,30,1,352,352,conservative,400,True,30.0,1.64,0.26,60,96.48,0.53,27.01,fair,Low Reliability,259
118,"Location (35.0641, -85.2729)",1,17,1,123,123,conservative,400,True,17.0,1.64,0.15,40,98.77,0.53,23.32,limited,Low Reliability,260
365,"Location (35.0652, -85.2739)",1,17,1,197,197,conservative,400,True,17.0,1.64,0.15,40,98.03,0.53,23.21,limited,Low Reliability,261
183,"Location (35.0733, -85.1997)",1,17,1,366,366,conservative,400,True,17.0,1.64,0.15,40,96.34,0.53,22.96,limited,Low Reliability,262
344,"Location (35.0891, -85.1773)",1,10,1,393,393,conservative,400,True,10.0,1.64,0.09,20,96.07,0.53,18.9,limited,Low Reliability,263
79,"Location (35.0408, -85.2200)",2,2,2,292,334,conservative,400,False,1.0,3.28,0.02,0,97.08,1.05,15.49,poor,Unreliable,264
140,"Location (35.0488, -85.2413)",1,1,1,106,106,conservative,400,False,1.0,1.64,0.01,0,98.94,0.53,15.31,poor,Unreliable,265
172,"Location (35.0599, -85.1340)",1,5,1,154,154,conservative,400,True,5.0,1.64,0.04,0,98.46,0.53,15.24,poor,Unreliable,266
192,"Location (35.0966, -85.2197)",0,0,0,9999,9999,conservative,400,False,0.0,0.0,0.0,0,0.0,0.0,0.0,poor,Unreliable,267
71,"Location (35.0616, -85.1407)",0,0,0,9999,9999,conservative,400,False,0.0,0.0,0.0,0,0.0,0.0,0.0,poor,Unreliable,268
74,"Location (35.0828, -85.0824)",0,0,0,9999,9999,conservative,400,False,0.0,0.0,0.0,0,0.0,0.0,0.0,poor,Unreliable,269
190,"Location (35.0162, -85.3838)",0,0,0,9999,9999,conservative,400,False,0.0,0.0,0.0,0,0.0,0.0,0.0,poor,Unreliable,270
76,"Location (35.0475, -85.1568)",0,0,0,9999,9999,conservative,400,False,0.0,0.0,0.0,0,0.0,0.0,0.0,poor,Unreliable,271
189,"Location (35.0583, -85.1248)",0,0,0,9999,9999,conservative,400,False,0.0,0.0,0.0,0,0.0,0.0,0.0,poor,Unreliable,272
78,"Location (35.0980, -85.3290)",0,0,0,9999,9999,conservative,400,False,0.0,0.0,0.0,0,0.0,0.0,0.0,poor,Unreliable,273
194,"Location (35.1413, -85.2302)",0,0,0,9999,9999,conservative,400,False,0.0,0.0,0.0,0,0.0,0.0,0.0,poor,Unreliable,274
51,Publix Parking Lot,0,0,0,9999,9999,conservative,400,False,0.0,0.0,0.0,0,0.0,0.0,0.0,poor,Unreliable,275
188,"Location (35.1420, -85.2350)",0,0,0,9999,9999,conservative,400,False,0.0,0.0,0.0,0,0.0,0.0,0.0,poor,Unreliable,276
1,"Location (35.0601, -85.1836)",0,0,0,9999,9999,conservative,400,False,0.0,0.0,0.0,0,0.0,0.0,0.0,poor,Unreliable,277
55,"Location (35.0053, -85.1493)",0,0,0,9999,9999,conservative,400,False,0.0,0.0,0.0,0,0.0,0.0,0.0,poor,Unreliable,278
56,"Location (35.0567, -85.1286)",0,0,0,9999,9999,conservative,400,False,0.0,0.0,0.0,0,0.0,0.0,0.0,poor,Unreliable,279
23,"Location (35.1182, -85.3150)",0,0,0,9999,9999,conservative,400,False,0.0,0.0,0.0,0,0.0,0.0,0.0,poor,Unreliable,280
26,"Location (35.1160, -85.2772)",0,0,0,9999,9999,conservative,400,False,0.0,0.0,0.0,0,0.0,0.0,0.0,poor,Unreliable,281
22,"Location (35.0565, -85.1899)",0,0,0,9999,9999,conservative,400,False,0.0,0.0,0.0,0,0.0,0.0,0.0,poor,Unreliable,282
44,"Location (35.0956, -85.0595)",0,0,0,9999,9999,conservative,400,False,0.0,0.0,0.0,0,0.0,0.0,0.0,poor,Unreliable,283
50,"Location (35.0094, -85.3878)",0,0,0,9999,9999,conservative,400,False,0.0,0.0,0.0,0,0.0,0.0,0.0,poor,Unreliable,284
311,"Location (35.0609, -85.3222)",0,0,0,9999,9999,conservative,400,False,0.0,0.0,0.0,0,0.0,0.0,0.0,poor,Unreliable,285
312,"Location (35.0608, -85.1881)",0,0,0,9999,9999,conservative,400,False,0.0,0.0,0.0,0,0.0,0.0,0.0,poor,Unreliable,286
314,"Location (35.0871, -85.3372)",0,0,0,9999,9999,conservative,400,False,0.0,0.0,0.0,0,0.0,0.0,0.0,poor,Unreliable,287
316,"Location (35.0818, -85.0849)",0,0,0,9999,9999,conservative,400,False,0.0,0.0,0.0,0,0.0,0.0,0.0,poor,Unreliable,288
170,"Location (35.1357, -85.2813)",0,0,0,9999,9999,conservative,400,False,0.0,0.0,0.0,0,0.0,0.0,0.0,poor,Unreliable,289
186,"Location (35.0817, -85.0863)",0,0,0,9999,9999,conservative,400,False,0.0,0.0,0.0,0,0.0,0.0,0.0,poor,Unreliable,290
98,"Location (35.1246, -85.2392)",0,0,0,9999,9999,conservative,400,False,0.0,0.0,0.0,0,0.0,0.0,0.0,poor,Unreliable,291
99,"Location (35.0387, -85.1471)",0,0,0,9999,9999,conservative,400,False,0.0,0.0,0.0,0,0.0,0.0,0.0,poor,Unreliable,292
100,"Location (35.0668, -85.2066)",0,0,0,9999,9999,conservative,400,False,0.0,0.0,0.0,0,0.0,0.0,0.0,poor,Unreliable,293
359,"Location (35.0308, -85.1743)",0,0,0,9999,9999,conservative,400,False,0.0,0.0,0.0,0,0.0,0.0,0.0,poor,Unreliable,294
360,"Location (35.1561, -85.1967)",0,0,0,9999,9999,conservative,400,False,0.0,0.0,0.0,0,0.0,0.0,0.0,poor,Unreliable,295
43,"Location (35.0740, -85.1042)",0,0,0,9999,9999,conservative,400,False,0.0,0.0,0.0,0,0.0,0.0,0.0,poor,Unreliable,296
89,"Location (35.0092, -85.3859)",0,0,0,9999,9999,conservative,400,False,0.0,0.0,0.0,0,0.0,0.0,0.0,poor,Unreliable,297
185,"Location (35.0558, -85.1319)",0,0,0,9999,9999,conservative,400,False,0.0,0.0,0.0,0,0.0,0.0,0.0,poor,Unreliable,298
184,"Location (35.0620, -85.1926)",0,0,0,9999,9999,conservative,400,False,0.0,0.0,0.0,0,0.0,0.0,0.0,poor,Unreliable,299
92,"Location (35.0132, -85.1859)",0,0,0,9999,9999,conservative,400,False,0.0,0.0,0.0,0,0.0,0.0,0.0,poor,Unreliable,300
93,"Location (35.0978, -85.2685)",0,0,0,9999,9999,conservative,400,False,0.0,0.0,0.0,0,0.0,0.0,0.0,poor,Unreliable,301
94,"Location (35.0958, -85.2230)",0,0,0,9999,9999,conservative,400,False,0.0,0.0,0.0,0,0.0,0.0,0.0,poor,Unreliable,302
80,"Location (35.0309, -85.3631)",0,0,0,9999,9999,conservative,400,False,0.0,0.0,0.0,0,0.0,0.0,0.0,poor,Unreliable,303
83,Ooltewah High School's Parking Lot #1,0,0,0,9999,9999,conservative,400,False,0.0,0.0,0.0,0,0.0,0.0,0.0,poor,Unreliable,304
84,"Location (35.0810, -85.2970)",0,0,0,9999,9999,conservative,400,False,0.0,0.0,0.0,0,0.0,0.0,0.0,poor,Unreliable,305
181,"Location (35.1450, -85.2380)",0,0,0,9999,9999,conservative,400,False,0.0,0.0,0.0,0,0.0,0.0,0.0,poor,Unreliable,306
180,"Location (35.0911, -85.1313)",0,0,0,9999,9999,conservative,400,False,0.0,0.0,0.0,0,0.0,0.0,0.0,poor,Unreliable,307
87,"Location (35.0681, -85.1478)",0,0,0,9999,9999,conservative,400,False,0.0,0.0,0.0,0,0.0,0.0,0.0,poor,Unreliable,308
438,"Location (35.1021, -85.2307)",0,0,0,9999,9999,conservative,400,False,0.0,0.0,0.0,0,0.0,0.0,0.0,poor,Unreliable,309
402,"Location (35.0930, -85.3052)",0,0,0,9999,9999,conservative,400,False,0.0,0.0,0.0,0,0.0,0.0,0.0,poor,Unreliable,310
407,"Location (35.1551, -85.2482)",0,0,0,9999,9999,conservative,400,False,0.0,0.0,0.0,0,0.0,0.0,0.0,poor,Unreliable,311
437,"Location (35.0566, -85.1256)",0,0,0,9999,9999,conservative,400,False,0.0,0.0,0.0,0,0.0,0.0,0.0,poor,Unreliable,312
409,"Location (35.1526, -85.2421)",0,0,0,9999,9999,conservative,400,False,0.0,0.0,0.0,0,0.0,0.0,0.0,poor,Unreliable,313
410,"Location (35.1467, -85.2214)",0,0,0,9999,9999,conservative,400,False,0.0,0.0,0.0,0,0.0,0.0,0.0,poor,Unreliable,314
411,"Location (35.1243, -85.3020)",0,0,0,9999,9999,conservative,400,False,0.0,0.0,0.0,0,0.0,0.0,0.0,poor,Unreliable,315
413,"Location (35.0341, -85.2065)",0,0,0,9999,9999,conservative,400,False,0.0,0.0,0.0,0,0.0,0.0,0.0,poor,Unreliable,316
432,"Location (35.0532, -85.1858)",0,0,0,9999,9999,conservative,400,False,0.0,0.0,0.0,0,0.0,0.0,0.0,poor,Unreliable,317
391,"Location (35.0350, -85.2069)",0,0,0,9999,9999,conservative,400,False,0.0,0.0,0.0,0,0.0,0.0,0.0,poor,Unreliable,318
430,"Location (35.0120, -85.1584)",0,0,0,9999,9999,conservative,400,False,0.0,0.0,0.0,0,0.0,0.0,0.0,poor,Unreliable,319
33,"Location (35.0589, -85.1913)",0,0,0,9999,9999,conservative,400,False,0.0,0.0,0.0,0,0.0,0.0,0.0,poor,Unreliable,320
396,"Location (35.0201, -85.3403)",0,0,0,9999,9999,conservative,400,False,0.0,0.0,0.0,0,0.0,0.0,0.0,poor,Unreliable,321
397,"Location (35.0823, -85.0584)",0,0,0,9999,9999,conservative,400,False,0.0,0.0,0.0,0,0.0,0.0,0.0,poor,Unreliable,322
398,"Location (35.0925, -85.3044)",0,0,0,9999,9999,conservative,400,False,0.0,0.0,0.0,0,0.0,0.0,0.0,poor,Unreliable,323
441,"Location (35.1225, -85.2404)",0,0,0,9999,9999,conservative,400,False,0.0,0.0,0.0,0,0.0,0.0,0.0,poor,Unreliable,324
379,"Location (35.0839, -85.0634)",0,0,0,9999,9999,conservative,400,False,0.0,0.0,0.0,0,0.0,0.0,0.0,poor,Unreliable,325
62,"Location (35.1383, -85.2797)",0,0,0,9999,9999,conservative,400,False,0.0,0.0,0.0,0,0.0,0.0,0.0,poor,Unreliable,326
63,"Location (35.0501, -85.1270)",0,0,0,9999,9999,conservative,400,False,0.0,0.0,0.0,0,0.0,0.0,0.0,poor,Unreliable,327
64,"Location (35.0302, -85.2171)",0,0,0,9999,9999,conservative,400,False,0.0,0.0,0.0,0,0.0,0.0,0.0,poor,Unreliable,328
14,"Location (35.1466, -85.2510)",0,0,0,9999,9999,conservative,400,False,0.0,0.0,0.0,0,0.0,0.0,0.0,poor,Unreliable,329
66,"Location (35.0081, -85.3889)",0,0,0,9999,9999,conservative,400,False,0.0,0.0,0.0,0,0.0,0.0,0.0,poor,Unreliable,330
8,"Location (35.1481, -85.2070)",0,0,0,9999,9999,conservative,400,False,0.0,0.0,0.0,0,0.0,0.0,0.0,poor,Unreliable,331
68,"Location (35.0124, -85.1897)",0,0,0,9999,9999,conservative,400,False,0.0,0.0,0.0,0,0.0,0.0,0.0,poor,Unreliable,332
393,"Location (35.0915, -85.0651)",0,0,0,9999,9999,conservative,400,False,0.0,0.0,0.0,0,0.0,0.0,0.0,poor,Unreliable,333
45,"Location (35.0924, -85.3103)",0,0,0,9999,9999,conservative,400,False,0.0,0.0,0.0,0,0.0,0.0,0.0,poor,Unreliable,334
19,Long Term Lot 2,0,0,0,9999,9999,conservative,400,False,0.0,0.0,0.0,0,0.0,0.0,0.0,poor,Unreliable,335
174,"Location (35.1454, -85.2251)",0,0,0,9999,9999,conservative,400,False,0.0,0.0,0.0,0,0.0,0.0,0.0,poor,Unreliable,336
32,"Location (35.1319, -85.2351)",0,0,0,9999,9999,conservative,400,False,0.0,0.0,0.0,0,0.0,0.0,0.0,poor,Unreliable,337
384,"Location (35.1421, -85.2378)",0,0,0,9999,9999,conservative,400,False,0.0,0.0,0.0,0,0.0,0.0,0.0,poor,Unreliable,338
386,"Location (35.0425, -85.1978)",0,0,0,9999,9999,conservative,400,False,0.0,0.0,0.0,0,0.0,0.0,0.0,poor,Unreliable,339
387,"Location (35.0470, -85.1537)",0,0,0,9999,9999,conservative,400,False,0.0,0.0,0.0,0,0.0,0.0,0.0,poor,Unreliable,340
37,"Location (35.1008, -85.2344)",0,0,0,9999,9999,conservative,400,False,0.0,0.0,0.0,0,0.0,0.0,0.0,poor,Unreliable,341
27,Trailer Yard,0,0,0,9999,9999,conservative,400,False,0.0,0.0,0.0,0,0.0,0.0,0.0,poor,Unreliable,342
39,"Location (35.1830, -85.2430)",0,0,0,9999,9999,conservative,400,False,0.0,0.0,0.0,0,0.0,0.0,0.0,poor,Unreliable,343
40,Brainerd Hills Baptist Church,0,0,0,9999,9999,conservative,400,False,0.0,0.0,0.0,0,0.0,0.0,0.0,poor,Unreliable,344
2,"Location (35.1132, -85.2471)",0,0,0,9999,9999,conservative,400,False,0.0,0.0,0.0,0,0.0,0.0,0.0,poor,Unreliable,345
361,"Location (35.0821, -85.0836)",0,0,0,9999,9999,conservative,400,False,0.0,0.0,0.0,0,0.0,0.0,0.0,poor,Unreliable,346
362,"Location (35.0056, -85.2211)",0,0,0,9999,9999,conservative,400,False,0.0,0.0,0.0,0,0.0,0.0,0.0,poor,Unreliable,347
366,"Location (35.1449, -85.2405)",0,0,0,9999,9999,conservative,400,False,0.0,0.0,0.0,0,0.0,0.0,0.0,poor,Unreliable,348
428,"Location (35.1095, -85.2188)",0,0,0,9999,9999,conservative,400,False,0.0,0.0,0.0,0,0.0,0.0,0.0,poor,Unreliable,349
375,"Location (35.0820, -85.0842)",0,0,0,9999,9999,conservative,400,False,0.0,0.0,0.0,0,0.0,0.0,0.0,poor,Unreliable,350
6,"Location (35.1542, -85.2470)",0,0,0,9999,9999,conservative,400,False,0.0,0.0,0.0,0,0.0,0.0,0.0,poor,Unreliable,351
424,"Location (35.1284, -85.1973)",0,0,0,9999,9999,conservative,400,False,0.0,0.0,0.0,0,0.0,0.0,0.0,poor,Unreliable,352
418,"Location (35.0909, -85.0653)",0,0,0,9999,9999,conservative,400,False,0.0,0.0,0.0,0,0.0,0.0,0.0,poor,Unreliable,353
4,"Location (35.0168, -85.2999)",0,0,0,9999,9999,conservative,400,False,0.0,0.0,0.0,0,0.0,0.0,0.0,poor,Unreliable,354
454,"Location (35.0506, -85.1328)",0,0,0,9999,9999,conservative,400,False,0.0,0.0,0.0,0,0.0,0.0,0.0,poor,Unreliable,355
440,"Location (35.1558, -85.2481)",0,0,0,9999,9999,conservative,400,False,0.0,0.0,0.0,0,0.0,0.0,0.0,poor,Unreliable,356
3,"Location (35.0053, -85.3929)",0,0,0,9999,9999,conservative,400,False,0.0,0.0,0.0,0,0.0,0.0,0.0,poor,Unreliable,357
429,"Location (35.0557, -85.1862)",0,0,0,9999,9999,conservative,400,False,0.0,0.0,0.0,0,0.0,0.0,0.0,poor,Unreliable,358
114,"Location (35.0822, -85.3207)",0,0,0,9999,9999,conservative,400,False,0.0,0.0,0.0,0,0.0,0.0,0.0,poor,Unreliable,359
138,"Location (35.0630, -85.3218)",0,0,0,9999,9999,conservative,400,False,0.0,0.0,0.0,0,0.0,0.0,0.0,poor,Unreliable,360
134,CCA lot,0,0,0,9999,9999,conservative,400,False,0.0,0.0,0.0,0,0.0,0.0,0.0,poor,Unreliable,361
150,"Location (35.1089, -85.2135)",0,0,0,9999,9999,conservative,400,False,0.0,0.0,0.0,0,0.0,0.0,0.0,poor,Unreliable,362
257,"Location (35.0748, -85.2029)",0,0,0,9999,9999,conservative,400,False,0.0,0.0,0.0,0,0.0,0.0,0.0,poor,Unreliable,363
258,"Location (35.0114, -85.2393)",0,0,0,9999,9999,conservative,400,False,0.0,0.0,0.0,0,0.0,0.0,0.0,poor,Unreliable,364
101,"Location (35.0631, -85.1917)",0,0,0,9999,9999,conservative,400,False,0.0,0.0,0.0,0,0.0,0.0,0.0,poor,Unreliable,365
102,"Location (35.0059, -85.3898)",0,0,0,9999,9999,conservative,400,False,0.0,0.0,0.0,0,0.0,0.0,0.0,poor,Unreliable,366
148,"Location (35.1304, -85.2352)",0,0,0,9999,9999,conservative,400,False,0.0,0.0,0.0,0,0.0,0.0,0.0,poor,Unreliable,367
105,"Location (35.0069, -85.3905)",0,0,0,9999,9999,conservative,400,False,0.0,0.0,0.0,0,0.0,0.0,0.0,poor,Unreliable,368
107,"Location (35.0129, -85.1873)",0,0,0,9999,9999,conservative,400,False,0.0,0.0,0.0,0,0.0,0.0,0.0,poor,Unreliable,369
332,"Location (35.1218, -85.2935)",0,0,0,9999,9999,conservative,400,False,0.0,0.0,0.0,0,0.0,0.0,0.0,poor,Unreliable,370
241,"Location (35.0564, -85.1259)",0,0,0,9999,9999,conservative,400,False,0.0,0.0,0.0,0,0.0,0.0,0.0,poor,Unreliable,371
147,"Location (35.1593, -85.1957)",0,0,0,9999,9999,conservative,400,False,0.0,0.0,0.0,0,0.0,0.0,0.0,poor,Unreliable,372
146,"Location (35.0069, -85.3887)",0,0,0,9999,9999,conservative,400,False,0.0,0.0,0.0,0,0.0,0.0,0.0,poor,Unreliable,373
246,"Location (35.1445, -85.2190)",0,0,0,9999,9999,conservative,400,False,0.0,0.0,0.0,0,0.0,0.0,0.0,poor,Unreliable,374
248,Ooltewah High School's Parking Lot #3,0,0,0,9999,9999,conservative,400,False,0.0,0.0,0.0,0,0.0,0.0,0.0,poor,Unreliable,375
250,"Location (35.0055, -85.2228)",0,0,0,9999,9999,conservative,400,False,0.0,0.0,0.0,0,0.0,0.0,0.0,poor,Unreliable,376
251,"Location (35.0911, -85.0611)",0,0,0,9999,9999,conservative,400,False,0.0,0.0,0.0,0,0.0,0.0,0.0,poor,Unreliable,377
293,"Location (35.1237, -85.2408)",0,0,0,9999,9999,conservative,400,False,0.0,0.0,0.0,0,0.0,0.0,0.0,poor,Unreliable,378
296,"Location (35.0075, -85.3910)",0,0,0,9999,9999,conservative,400,False,0.0,0.0,0.0,0,0.0,0.0,0.0,poor,Unreliable,379
143,"Location (35.0526, -85.1851)",0,0,0,9999,9999,conservative,400,False,0.0,0.0,0.0,0,0.0,0.0,0.0,poor,Unreliable,380
299,"Location (35.1287, -85.2139)",0,0,0,9999,9999,conservative,400,False,0.0,0.0,0.0,0,0.0,0.0,0.0,poor,Unreliable,381
300,"Location (35.0467, -85.1549)",0,0,0,9999,9999,conservative,400,False,0.0,0.0,0.0,0,0.0,0.0,0.0,poor,Unreliable,382
109,"Location (35.1148, -85.2930)",0,0,0,9999,9999,conservative,400,False,0.0,0.0,0.0,0,0.0,0.0,0.0,poor,Unreliable,383
229,Oakwood Baptist Church Parking Lot,0,0,0,9999,9999,conservative,400,False,0.0,0.0,0.0,0,0.0,0.0,0.0,poor,Unreliable,384
228,"Location (35.0604, -85.1544)",0,0,0,9999,9999,conservative,400,False,0.0,0.0,0.0,0,0.0,0.0,0.0,poor,Unreliable,385
223,"Location (35.0448, -85.3341)",0,0,0,9999,9999,conservative,400,False,0.0,0.0,0.0,0,0.0,0.0,0.0,poor,Unreliable,386
215,"Location (35.0695, -85.1516)",0,0,0,9999,9999,conservative,400,False,0.0,0.0,0.0,0,0.0,0.0,0.0,poor,Unreliable,387
216,"Location (35.0953, -85.0624)",0,0,0,9999,9999,conservative,400,False,0.0,0.0,0.0,0,0.0,0.0,0.0,poor,Unreliable,388
217,"Location (35.0152, -85.2208)",0,0,0,9999,9999,conservative,400,False,0.0,0.0,0.0,0,0.0,0.0,0.0,poor,Unreliable,389
221,"Location (35.1126, -85.3250)",0,0,0,9999,9999,conservative,400,False,0.0,0.0,0.0,0,0.0,0.0,0.0,poor,Unreliable,390
240,"Location (35.1240, -85.3062)",0,0,0,9999,9999,conservative,400,False,0.0,0.0,0.0,0,0.0,0.0,0.0,poor,Unreliable,391
203,Rental Car Lot,0,0,0,9999,9999,conservative,400,False,0.0,0.0,0.0,0,0.0,0.0,0.0,poor,Unreliable,392
204,"Location (35.0126, -85.1632)",0,0,0,9999,9999,conservative,400,False,0.0,0.0,0.0,0,0.0,0.0,0.0,poor,Unreliable,393
237,"Location (35.0488, -85.1461)",0,0,0,9999,9999,conservative,400,False,0.0,0.0,0.0,0,0.0,0.0,0.0,poor,Unreliable,394
112,"Location (35.0343, -85.2190)",0,0,0,9999,9999,conservative,400,False,0.0,0.0,0.0,0,0.0,0.0,0.0,poor,Unreliable,395
209,"Location (35.0575, -85.1258)",0,0,0,9999,9999,conservative,400,False,0.0,0.0,0.0,0,0.0,0.0,0.0,poor,Unreliable,396
235,"Location (35.0107, -85.1644)",0,0,0,9999,9999,conservative,400,False,0.0,0.0,0.0,0,0.0,0.0,0.0,poor,Unreliable,397
212,"Location (35.0624, -85.1295)",0,0,0,9999,9999,conservative,400,False,0.0,0.0,0.0,0,0.0,0.0,0.0,poor,Unreliable,398
234,"Location (35.1073, -85.2372)",0,0,0,9999,9999,conservative,400,False,0.0,0.0,0.0,0,0.0,0.0,0.0,poor,Unreliable,399
121,"Location (35.0582, -85.1912)",0,0,0,9999,9999,conservative,400,False,0.0,0.0,0.0,0,0.0,0.0,0.0,poor,Unreliable,400
122,"Location (35.1434, -85.2381)",0,0,0,9999,9999,conservative,400,False,0.0,0.0,0.0,0,0.0,0.0,0.0,poor,Unreliable,401
123,"Location (35.0117, -85.2427)",0,0,0,9999,9999,conservative,400,False,0.0,0.0,0.0,0,0.0,0.0,0.0,poor,Unreliable,402
124,"Location (35.1105, -85.3209)",0,0,0,9999,9999,conservative,400,False,0.0,0.0,0.0,0,0.0,0.0,0.0,poor,Unreliable,403
233,"Location (35.1246, -85.2368)",0,0,0,9999,9999,conservative,400,False,0.0,0.0,0.0,0,0.0,0.0,0.0,poor,Unreliable,404
141,"Location (35.0554, -85.1895)",0,0,0,9999,9999,conservative,400,False,0.0,0.0,0.0,0,0.0,0.0,0.0,poor,Unreliable,405
139,"Location (35.1081, -85.2368)",0,0,0,9999,9999,conservative,400,False,0.0,0.0,0.0,0,0.0,0.0,0.0,poor,Unreliable,406
111,"Location (35.0633, -85.1634)",0,0,0,9999,9999,conservative,400,False,0.0,0.0,0.0,0,0.0,0.0,0.0,poor,Unreliable,407
208,"Location (35.0842, -85.0707)",0,0,0,9999,9999,conservative,400,False,0.0,0.0,0.0,0,0.0,0.0,0.0,poor,Unreliable,408
346,"Location (35.1409, -85.1748)",0,0,0,9999,9999,conservative,400,False,0.0,0.0,0.0,0,0.0,0.0,0.0,poor,Unreliable,409
348,"Location (35.0184, -85.3377)",0,0,0,9999,9999,conservative,400,False,0.0,0.0,0.0,0,0.0,0.0,0.0,poor,Unreliable,410
350,"Location (35.0904, -85.0655)",0,0,0,9999,9999,conservative,400,False,0.0,0.0,0.0,0,0.0,0.0,0.0,poor,Unreliable,411
353,"Location (35.1099, -85.2164)",0,0,0,9999,9999,conservative,400,False,0.0,0.0,0.0,0,0.0,0.0,0.0,poor,Unreliable,412
354,"Location (35.0058, -85.2325)",0,0,0,9999,9999,conservative,400,False,0.0,0.0,0.0,0,0.0,0.0,0.0,poor,Unreliable,413
452,"Location (35.1537, -85.2483)",0,0,0,9999,9999,conservative,400,False,0.0,0.0,0.0,0,0.0,0.0,0.0,poor,Unreliable,414
333,"Location (35.1408, -85.2294)",0,0,0,9999,9999,conservative,400,False,0.0,0.0,0.0,0,0.0,0.0,0.0,poor,Unreliable,415
334,"Location (35.1127, -85.2054)",0,0,0,9999,9999,conservative,400,False,0.0,0.0,0.0,0,0.0,0.0,0.0,poor,Unreliable,416
335,"Location (35.1103, -85.2954)",0,0,0,9999,9999,conservative,400,False,0.0,0.0,0.0,0,0.0,0.0,0.0,poor,Unreliable,417
450,"Location (35.1269, -85.2158)",0,0,0,9999,9999,conservative,400,False,0.0,0.0,0.0,0,0.0,0.0,0.0,poor,Unreliable,418
442,"Location (35.1080, -85.2169)",0,0,0,9999,9999,conservative,400,False,0.0,0.0,0.0,0,0.0,0.0,0.0,poor,Unreliable,419
159,"Location (35.1072, -85.2956)",0,0,0,9999,9999,conservative,400,False,0.0,0.0,0.0,0,0.0,0.0,0.0,poor,Unreliable,420
342,"Location (35.0199, -85.3403)",0,0,0,9999,9999,conservative,400,False,0.0,0.0,0.0,0,0.0,0.0,0.0,poor,Unreliable,421
343,"Location (35.0770, -85.2041)",0,0,0,9999,9999,conservative,400,False,0.0,0.0,0.0,0,0.0,0.0,0.0,poor,Unreliable,422
318,"Location (35.1511, -85.2485)",0,0,0,9999,9999,conservative,400,False,0.0,0.0,0.0,0,0.0,0.0,0.0,poor,Unreliable,423
319,"Location (35.1221, -85.3072)",0,0,0,9999,9999,conservative,400,False,0.0,0.0,0.0,0,0.0,0.0,0.0,poor,Unreliable,424
323,Short Term Lot,0,0,0,9999,9999,conservative,400,False,0.0,0.0,0.0,0,0.0,0.0,0.0,poor,Unreliable,425
324,"Location (35.0912, -85.2237)",0,0,0,9999,9999,conservative,400,False,0.0,0.0,0.0,0,0.0,0.0,0.0,poor,Unreliable,426
325,"Location (35.1342, -85.2822)",0,0,0,9999,9999,conservative,400,False,0.0,0.0,0.0,0,0.0,0.0,0.0,poor,Unreliable,427
329,"Location (35.0448, -85.3571)",0,0,0,9999,9999,conservative,400,False,0.0,0.0,0.0,0,0.0,0.0,0.0,poor,Unreliable,428
330,"Location (35.0257, -85.2176)",0,0,0,9999,9999,conservative,400,False,0.0,0.0,0.0,0,0.0,0.0,0.0,poor,Unreliable,429
304,"Location (35.0833, -85.0578)",0,0,0,9999,9999,conservative,400,False,0.0,0.0,0.0,0,0.0,0.0,0.0,poor,Unreliable,430
306,"Location (35.1201, -85.3055)",0,0,0,9999,9999,conservative,400,False,0.0,0.0,0.0,0,0.0,0.0,0.0,poor,Unreliable,431
177,"Location (35.0603, -85.1866)",0,0,0,9999,9999,conservative,400,False,0.0,0.0,0.0,0,0.0,0.0,0.0,poor,Unreliable,432
340,"Location (35.0433, -85.1403)",0,0,0,9999,9999,conservative,400,False,0.0,0.0,0.0,0,0.0,0.0,0.0,poor,Unreliable,433
155,"Location (35.0186, -85.1714)",0,0,0,9999,9999,conservative,400,False,0.0,0.0,0.0,0,0.0,0.0,0.0,poor,Unreliable,434
278,"Location (35.1455, -85.2208)",0,0,0,9999,9999,conservative,400,False,0.0,0.0,0.0,0,0.0,0.0,0.0,poor,Unreliable,435
153,"Location (35.1194, -85.2907)",0,0,0,9999,9999,conservative,400,False,0.0,0.0,0.0,0,0.0,0.0,0.0,poor,Unreliable,436
280,"Location (35.0587, -85.1503)",0,0,0,9999,9999,conservative,400,False,0.0,0.0,0.0,0,0.0,0.0,0.0,poor,Unreliable,437
281,"Location (35.0591, -85.1535)",0,0,0,9999,9999,conservative,400,False,0.0,0.0,0.0,0,0.0,0.0,0.0,poor,Unreliable,438
201,"Location (35.0287, -85.2010)",0,0,0,9999,9999,conservative,400,False,0.0,0.0,0.0,0,0.0,0.0,0.0,poor,Unreliable,439
286,"Location (35.0664, -85.1259)",0,0,0,9999,9999,conservative,400,False,0.0,0.0,0.0,0,0.0,0.0,0.0,poor,Unreliable,440
288,"Location (35.1208, -85.2904)",0,0,0,9999,9999,conservative,400,False,0.0,0.0,0.0,0,0.0,0.0,0.0,poor,Unreliable,441
289,"Location (35.0289, -85.2417)",0,0,0,9999,9999,conservative,400,False,0.0,0.0,0.0,0,0.0,0.0,0.0,poor,Unreliable,442
200,"Location (35.0080, -85.3917)",0,0,0,9999,9999,conservative,400,False,0.0,0.0,0.0,0,0.0,0.0,0.0,poor,Unreliable,443
199,"Location (35.1305, -85.2177)",0,0,0,9999,9999,conservative,400,False,0.0,0.0,0.0,0,0.0,0.0,0.0,poor,Unreliable,444
167,"Location (35.0087, -85.3899)",0,0,0,9999,9999,conservative,400,False,0.0,0.0,0.0,0,0.0,0.0,0.0,poor,Unreliable,445
273,"Location (35.1149, -85.2919)",0,0,0,9999,9999,conservative,400,False,0.0,0.0,0.0,0,0.0,0.0,0.0,poor,Unreliable,446
274,"Location (35.0404, -85.1490)",0,0,0,9999,9999,conservative,400,False,0.0,0.0,0.0,0,0.0,0.0,0.0,poor,Unreliable,447
275,"Location (35.0545, -85.3196)",0,0,0,9999,9999,conservative,400,False,0.0,0.0,0.0,0,0.0,0.0,0.0,poor,Unreliable,448
276,"Location (35.1002, -85.1353)",0,0,0,9999,9999,conservative,400,False,0.0,0.0,0.0,0,0.0,0.0,0.0,poor,Unreliable,449
164,"Location (35.0823, -85.0555)",0,0,0,9999,9999,conservative,400,False,0.0,0.0,0.0,0,0.0,0.0,0.0,poor,Unreliable,450
129,"Location (35.0129, -85.1886)",0,0,0,9999,9999,conservative,400,False,0.0,0.0,0.0,0,0.0,0.0,0.0,poor,Unreliable,451
130,"Location (35.1035, -85.3245)",0,0,0,9999,9999,conservative,400,False,0.0,0.0,0.0,0,0.0,0.0,0.0,poor,Unreliable,452
163,"Location (35.0142, -85.1878)",0,0,0,9999,9999,conservative,400,False,0.0,0.0,0.0,0,0.0,0.0,0.0,poor,Unreliable,453
132,"Location (35.0592, -85.1893)",0,0,0,9999,9999,conservative,400,False,0.0,0.0,0.0,0,0.0,0.0,0.0,poor,Unreliable,454
161,Cell Waiting Lot,0,0,0,9999,9999,conservative,400,False,0.0,0.0,0.0,0,0.0,0.0,0.0,poor,Unreliable,455
264,"Location (35.1193, -85.2882)",0,0,0,9999,9999,conservative,400,False,0.0,0.0,0.0,0,0.0,0.0,0.0,poor,Unreliable,456
168,"Location (35.1183, -85.2786)",0,0,0,9999,9999,conservative,400,False,0.0,0.0,0.0,0,0.0,0.0,0.0,poor,Unreliable,457
272,"Location (35.0114, -85.1634)",0,0,0,9999,9999,conservative,400,False,0.0,0.0,0.0,0,0.0,0.0,0.0,poor,Unreliable,458
